{"description": "test", "query": "{\"query\": {\"match_all\": {}}}", "fields": "[\"content\"]", "embedding": null, "stop_words": "ja", "vectorizer": "Count Vectorizer", "classifier": "Logistic Regression", "negative_multiplier": 1.0, "maximum_sample_size": 10000, "score_threshold": 0.0, "precision": 0.5637282425603594, "recall": 0.4972758791480931, "f1_score": 0.528421052631579, "num_features": 5989, "num_positives": 10000, "num_negatives": 10000, "model": "/var/texta-rest/data/models/tagger/tagger_141495_f5185a71c41143bdda15", "model_size": 7.4, "plot": "data/media/d2cc0dc99ad774460274f4ba53d71b.png", "indices": []}