{"description": "delfi inappropriate comments", "query": "{\"query\":{\"bool\":{\"must\":[],\"filter\":[],\"must_not\":[],\"should\":[{\"bool\":{\"must\":[{\"bool\":{\"should\":[{\"multi_match\":{\"query\":\"true\",\"type\":\"phrase_prefix\",\"slop\":\"0\",\"fields\":[\"correct_result\"]}}],\"minimum_should_match\":1}}]}},{\"bool\":{\"must\":[{\"bool\":{\"should\":[{\"multi_match\":{\"query\":\"true\",\"type\":\"phrase_prefix\",\"slop\":\"0\",\"fields\":[\"original_prediction\"]}}],\"minimum_should_match\":1}}]}}],\"minimum_should_match\":2}}}", "fact_name": null, "pos_label": "", "fields": "[\"content\"]", "embedding": null, "stop_words": "[]", "ignore_numbers": null, "vectorizer": "TfIdf Vectorizer", "analyzer": "word", "classifier": "Logistic Regression", "negative_multiplier": 1.0, "maximum_sample_size": 25000, "minimum_sample_size": 50, "score_threshold": 0.0, "snowball_language": null, "detect_lang": false, "precision": 0.9044972208185953, "recall": 0.8865775136206042, "f1_score": 0.895447723861931, "num_features": 12532, "num_examples": "{\"true\": 22881, \"false\": 22881}", "confusion_matrix": "[[1790, 229], [189, 1792]]", "scoring_function": "default", "classes": "[\"true\", \"false\"]", "model": "/opt/texta/texta-rest/data/models/tagger/tagger_153137_30119554a468fe3f200a", "model_size": 7.5, "plot": "data/media/5c8cbb120eeb1a3aede6f402f256c1.png", "tagger_groups": "[]", "balance": false, "balance_to_max_limit": false, "indices": [793]}