{"description": "test", "query": "{\"query\": {\"match_all\": {}}}", "fact_name": null, "fields": "[\"comment_content\"]", "embedding": null, "stop_words": "", "vectorizer": "Count Vectorizer", "classifier": "Logistic Regression", "negative_multiplier": 1.0, "maximum_sample_size": 100, "score_threshold": 0.0, "precision": 0.6060606060606061, "recall": 0.9523809523809523, "f1_score": 0.7407407407407407, "num_features": 41, "num_examples": "{\"true\": 100, \"false\": 100}", "model": "data/models/tagger/tagger_26_9bc4ae8e0959e6b5c50e", "model_size": 0.1, "plot": "data/media/bec0309e794dec32b4d79c5b40a6e0.png", "indices": [1]}