{"torchtagger": {"description": "test", "fields": "[\"comment_content\"]", "query": "{\"query\": {\"match_all\": {}}}", "fact_name": "TEEMA", "pos_label": "", "minimum_sample_size": 50, "model_architecture": "fastText", "num_epochs": 5, "validation_ratio": 0.8, "negative_multiplier": 1.0, "maximum_sample_size": 10000, "balance": false, "use_sentence_shuffle": false, "balance_to_max_limit": false, "num_examples": "{\"bar\": 100, \"foo\": 100, \"FUBAR\": 76}", "label_index": "{\"0\": \"bar\", \"1\": \"foo\", \"2\": \"FUBAR\"}", "epoch_reports": "[{\"f1_score\": 0.27273, \"precision\": 0.27273, \"recall\": 0.27273, \"confusion_matrix\": [[11, 2, 0], [12, 1, 0], [18, 0, 0]], \"area_under_curve\": 0.0, \"true_positive_rate\": [], \"false_positive_rate\": [], \"classes\": [\"bar\", \"foo\", \"FUBAR\"], \"accuracy\": 0.27273, \"training_loss\": 1.08312, \"val_loss\": 1.03595}, {\"f1_score\": 0.29545, \"precision\": 0.29545, \"recall\": 0.29545, \"confusion_matrix\": [[12, 1, 0], [12, 1, 0], [18, 0, 0]], \"area_under_curve\": 0.0, \"true_positive_rate\": [], \"false_positive_rate\": [], \"classes\": [\"bar\", \"foo\", \"FUBAR\"], \"accuracy\": 0.29545, \"training_loss\": 1.07884, \"val_loss\": 1.01968}, {\"f1_score\": 0.27273, \"precision\": 0.27273, \"recall\": 0.27273, \"confusion_matrix\": [[11, 2, 0], [12, 1, 0], [18, 0, 0]], \"area_under_curve\": 0.0, \"true_positive_rate\": [], \"false_positive_rate\": [], \"classes\": [\"bar\", \"foo\", \"FUBAR\"], \"accuracy\": 0.27273, \"training_loss\": 1.07673, \"val_loss\": 1.03416}, {\"f1_score\": 0.27273, \"precision\": 0.27273, \"recall\": 0.27273, \"confusion_matrix\": [[11, 2, 0], [12, 1, 0], [18, 0, 0]], \"area_under_curve\": 0.0, \"true_positive_rate\": [], \"false_positive_rate\": [], \"classes\": [\"bar\", \"foo\", \"FUBAR\"], \"accuracy\": 0.27273, \"training_loss\": 1.0962, \"val_loss\": 1.03136}, {\"f1_score\": 0.27273, \"precision\": 0.27273, \"recall\": 0.27273, \"confusion_matrix\": [[11, 2, 0], [12, 1, 0], [18, 0, 0]], \"area_under_curve\": 0.0, \"true_positive_rate\": [], \"false_positive_rate\": [], \"classes\": [\"bar\", \"foo\", \"FUBAR\"], \"accuracy\": 0.27273, \"training_loss\": 1.08946, \"val_loss\": 1.02658}]", "accuracy": 0.2727272727272727, "training_loss": 1.0894575119018555, "precision": 0.2727272727272727, "recall": 0.2727272727272727, "f1_score": 0.2727272727272727, "confusion_matrix": "[[11, 2, 0], [12, 1, 0], [18, 0, 0]]", "model": "/mnt/c/Users/kalaf/IdeaProjects/texta-rest/data/models/torchtagger/torchtagger_5_35e4c61ec55930502dfd", "plot": "data/media/f3fc4152f3e207fed6972be3dc4c99.png", "indices": [5]}, "embedding": {"fields": {"description": "test", "query": "{\"query\": {\"match_all\": {}}}", "fields": "[\"comment_content\"]", "num_dimensions": 100, "max_documents": 0, "min_freq": 3, "window_size": 5, "num_epochs": 5, "vocab_size": 1686, "use_phraser": true, "snowball_language": null, "embedding_type": "W2VEmbedding", "embedding_model": "/mnt/c/Users/kalaf/IdeaProjects/texta-rest/data/models/embedding/embedding_6_5fc1637505cf1977f1d2", "indices": [5]}, "embedding_extras": []}}