{"description": "yeee", "fact_name": "TEEMA", "num_tags": 3, "minimum_sample_size": 50, "taggers": [{"description": "bar", "query": "{\"query\": {\"bool\": {\"should\": [], \"must\": [{\"nested\": {\"path\": \"texta_facts\", \"inner_hits\": {\"name\": \"fact_filter_1\", \"size\": 100}, \"query\": {\"bool\": {\"must\": [{\"match\": {\"texta_facts.fact\": \"TEEMA\"}}, {\"match\": {\"texta_facts.str_val\": \"bar\"}}]}}}}], \"must_not\": []}}}", "fact_name": null, "fields": "[\"comment_content\"]", "embedding": null, "stop_words": "", "vectorizer": "Hashing Vectorizer", "classifier": "Logistic Regression", "negative_multiplier": 1.0, "maximum_sample_size": 10000, "score_threshold": 0.0, "precision": 0.7142857142857143, "recall": 0.2631578947368421, "f1_score": 0.3846153846153846, "num_features": 1048576, "num_examples": "{\"true\": 100, \"false\": 100}", "model": "data/models/tagger/tagger_8_95607b21075c3e0eb679", "model_size": 8.4, "plot": "data/media/82c0c0c8720c7e4ea6a38f47ec8f73.png", "indices": [1]}, {"description": "foo", "query": "{\"query\": {\"bool\": {\"should\": [], \"must\": [{\"nested\": {\"path\": \"texta_facts\", \"inner_hits\": {\"name\": \"fact_filter_1\", \"size\": 100}, \"query\": {\"bool\": {\"must\": [{\"match\": {\"texta_facts.fact\": \"TEEMA\"}}, {\"match\": {\"texta_facts.str_val\": \"foo\"}}]}}}}], \"must_not\": []}}}", "fact_name": null, "fields": "[\"comment_content\"]", "embedding": null, "stop_words": "", "vectorizer": "Hashing Vectorizer", "classifier": "Logistic Regression", "negative_multiplier": 1.0, "maximum_sample_size": 10000, "score_threshold": 0.0, "precision": 0.42857142857142855, "recall": 0.631578947368421, "f1_score": 0.5106382978723404, "num_features": 1048576, "num_examples": "{\"true\": 100, \"false\": 100}", "model": "data/models/tagger/tagger_9_6e27246fc7212be01fa2", "model_size": 8.4, "plot": "data/media/1b8f47fe7fd0520bf4e9187af04948.png", "indices": [1]}, {"description": "FUBAR", "query": "{\"query\": {\"bool\": {\"should\": [], \"must\": [{\"nested\": {\"path\": \"texta_facts\", \"inner_hits\": {\"name\": \"fact_filter_1\", \"size\": 100}, \"query\": {\"bool\": {\"must\": [{\"match\": {\"texta_facts.fact\": \"TEEMA\"}}, {\"match\": {\"texta_facts.str_val\": \"FUBAR\"}}]}}}}], \"must_not\": []}}}", "fact_name": null, "fields": "[\"comment_content\"]", "embedding": null, "stop_words": "", "vectorizer": "Hashing Vectorizer", "classifier": "Logistic Regression", "negative_multiplier": 1.0, "maximum_sample_size": 10000, "score_threshold": 0.0, "precision": 1.0, "recall": 1.0, "f1_score": 1.0, "num_features": 1048576, "num_examples": "{\"true\": 76, \"false\": 76}", "model": "data/models/tagger/tagger_10_61ca075274fe227252f3", "model_size": 8.4, "plot": "data/media/5bdaf1a227272a946038bdb8ad9cd4.png", "indices": [1]}]}