{"description": "Test Tagger Group", "fact_name": "TEEMA", "blacklisted_facts": "[]", "num_tags": 3, "minimum_sample_size": 50, "taggers": [{"description": "bar", "query": "{\"query\": {\"bool\": {\"should\": [], \"must\": [{\"nested\": {\"path\": \"texta_facts\", \"inner_hits\": {\"name\": \"fact_filter_1\", \"size\": 100}, \"query\": {\"bool\": {\"must\": [{\"match\": {\"texta_facts.fact\": \"TEEMA\"}}, {\"match\": {\"texta_facts.str_val\": \"bar\"}}]}}}}], \"must_not\": []}}}", "fact_name": null, "pos_label": "", "fields": "[\"comment_content_lemmas\"]", "embedding": null, "stop_words": "[]", "ignore_numbers": true, "vectorizer": "Hashing Vectorizer", "analyzer": "word", "classifier": "Logistic Regression", "negative_multiplier": 1.0, "maximum_sample_size": 10000, "minimum_sample_size": 50, "score_threshold": 0.0, "snowball_language": null, "detect_lang": false, "precision": 0.8695652173913043, "recall": 0.9523809523809523, "f1_score": 0.909090909090909, "num_features": 1048576, "num_examples": "{\"true\": 100, \"false\": 100}", "confusion_matrix": "[[20, 1], [3, 16]]", "scoring_function": "default", "classes": "[\"true\", \"false\"]", "model": "/opt/texta/texta-rest/data/models/tagger/tagger_227224_a6ff3427d40fc4b5d5a9", "model_size": 8.4, "plot": "data/media/7fe37ea912ee50974162c36fc86bda.png", "tagger_groups": "[{\"description\": \"Test Tagger Group\", \"id\": 297, \"fact_name\": \"TEEMA\"}]", "balance": false, "balance_to_max_limit": false, "indices": [1123]}, {"description": "foo", "query": "{\"query\": {\"bool\": {\"should\": [], \"must\": [{\"nested\": {\"path\": \"texta_facts\", \"inner_hits\": {\"name\": \"fact_filter_1\", \"size\": 100}, \"query\": {\"bool\": {\"must\": [{\"match\": {\"texta_facts.fact\": \"TEEMA\"}}, {\"match\": {\"texta_facts.str_val\": \"foo\"}}]}}}}], \"must_not\": []}}}", "fact_name": null, "pos_label": "", "fields": "[\"comment_content_lemmas\"]", "embedding": null, "stop_words": "[]", "ignore_numbers": true, "vectorizer": "Hashing Vectorizer", "analyzer": "word", "classifier": "Logistic Regression", "negative_multiplier": 1.0, "maximum_sample_size": 10000, "minimum_sample_size": 50, "score_threshold": 0.0, "snowball_language": null, "detect_lang": false, "precision": 0.875, "recall": 1.0, "f1_score": 0.9333333333333333, "num_features": 1048576, "num_examples": "{\"true\": 100, \"false\": 100}", "confusion_matrix": "[[21, 0], [3, 16]]", "scoring_function": "default", "classes": "[\"true\", \"false\"]", "model": "/opt/texta/texta-rest/data/models/tagger/tagger_227225_135aca18baddcecc2de9", "model_size": 8.4, "plot": "data/media/e53a708ab090fd4dbf1beec0ac5217.png", "tagger_groups": "[{\"description\": \"Test Tagger Group\", \"id\": 297, \"fact_name\": \"TEEMA\"}]", "balance": false, "balance_to_max_limit": false, "indices": [1123]}, {"description": "FUBAR", "query": "{\"query\": {\"bool\": {\"should\": [], \"must\": [{\"nested\": {\"path\": \"texta_facts\", \"inner_hits\": {\"name\": \"fact_filter_1\", \"size\": 100}, \"query\": {\"bool\": {\"must\": [{\"match\": {\"texta_facts.fact\": \"TEEMA\"}}, {\"match\": {\"texta_facts.str_val\": \"FUBAR\"}}]}}}}], \"must_not\": []}}}", "fact_name": null, "pos_label": "", "fields": "[\"comment_content_lemmas\"]", "embedding": null, "stop_words": "[]", "ignore_numbers": true, "vectorizer": "Hashing Vectorizer", "analyzer": "word", "classifier": "Logistic Regression", "negative_multiplier": 1.0, "maximum_sample_size": 10000, "minimum_sample_size": 50, "score_threshold": 0.0, "snowball_language": null, "detect_lang": false, "precision": 1.0, "recall": 1.0, "f1_score": 1.0, "num_features": 1048576, "num_examples": "{\"true\": 76, \"false\": 76}", "confusion_matrix": "[[16, 0], [0, 15]]", "scoring_function": "default", "classes": "[\"true\", \"false\"]", "model": "/opt/texta/texta-rest/data/models/tagger/tagger_227226_f3be9a6bebbdc4800ba3", "model_size": 8.4, "plot": "data/media/a90a8af252945e850f1523a0479000.png", "tagger_groups": "[{\"description\": \"Test Tagger Group\", \"id\": 297, \"fact_name\": \"TEEMA\"}]", "balance": false, "balance_to_max_limit": false, "indices": [1123]}]}