{"description": "test1", "fact_name": "TEEMA", "num_tags": 3, "minimum_sample_size": 50, "taggers": [{"description": "bar", "query": "{\"query\": {\"bool\": {\"should\": [], \"must\": [{\"nested\": {\"path\": \"texta_facts\", \"inner_hits\": {\"name\": \"fact_filter_1\", \"size\": 100}, \"query\": {\"bool\": {\"must\": [{\"match\": {\"texta_facts.fact\": \"TEEMA\"}}, {\"match\": {\"texta_facts.str_val\": \"bar\"}}]}}}}], \"must_not\": []}}}", "fields": "[\"comment_content\"]", "embedding": null, "stop_words": "", "vectorizer": "Count Vectorizer", "classifier": "Logistic Regression", "negative_multiplier": 1.0, "maximum_sample_size": 10, "score_threshold": 0.0, "precision": 1.0, "recall": 1.0, "f1_score": 1.0, "num_features": 1, "num_positives": 10, "num_negatives": 10, "model": "/var/texta-rest/data/models/tagger/tagger_143152_75d17411cd220f109fc2", "model_size": 0.0, "plot": "data/media/40df90863406c4f42c6539d398d1b6.png", "indices": [36]}, {"description": "foo", "query": "{\"query\": {\"bool\": {\"should\": [], \"must\": [{\"nested\": {\"path\": \"texta_facts\", \"inner_hits\": {\"name\": \"fact_filter_1\", \"size\": 100}, \"query\": {\"bool\": {\"must\": [{\"match\": {\"texta_facts.fact\": \"TEEMA\"}}, {\"match\": {\"texta_facts.str_val\": \"foo\"}}]}}}}], \"must_not\": []}}}", "fields": "[\"comment_content\"]", "embedding": null, "stop_words": "", "vectorizer": "Count Vectorizer", "classifier": "Logistic Regression", "negative_multiplier": 1.0, "maximum_sample_size": 10, "score_threshold": 0.0, "precision": 1.0, "recall": 1.0, "f1_score": 1.0, "num_features": 1, "num_positives": 10, "num_negatives": 10, "model": "/var/texta-rest/data/models/tagger/tagger_143153_d0a03ad83aa02914f78f", "model_size": 0.0, "plot": "data/media/85080e902490be7ec9cd2e0e0e29b5.png", "indices": [36]}, {"description": "FUBAR", "query": "{\"query\": {\"bool\": {\"should\": [], \"must\": [{\"nested\": {\"path\": \"texta_facts\", \"inner_hits\": {\"name\": \"fact_filter_1\", \"size\": 100}, \"query\": {\"bool\": {\"must\": [{\"match\": {\"texta_facts.fact\": \"TEEMA\"}}, {\"match\": {\"texta_facts.str_val\": \"FUBAR\"}}]}}}}], \"must_not\": []}}}", "fields": "[\"comment_content\"]", "embedding": null, "stop_words": "", "vectorizer": "Count Vectorizer", "classifier": "Logistic Regression", "negative_multiplier": 1.0, "maximum_sample_size": 10, "score_threshold": 0.0, "precision": 1.0, "recall": 1.0, "f1_score": 1.0, "num_features": 3, "num_positives": 10, "num_negatives": 10, "model": "/var/texta-rest/data/models/tagger/tagger_143154_a1bafe23914625f1f12d", "model_size": 0.0, "plot": "data/media/6524634db26dadfed1bb2a0c8617fe.png", "indices": [36]}]}