{"torchtagger": {"description": "test2", "fields": "[\"comment_content\"]", "query": "{\"query\": {\"match_all\": {}}}", "fact_name": null, "minimum_sample_size": 50, "model_architecture": "TextRNN", "num_epochs": 5, "validation_ratio": 0.8, "negative_multiplier": 1.0, "maximum_sample_size": 10, "label_index": "{\"0\": \"true\", \"1\": \"false\"}", "epoch_reports": "[{\"f1_score\": \"0.4\", \"precision\": \"0.333\", \"recall\": \"0.5\", \"accuracy\": \"0.667\", \"training_loss\": \"-0.5\"}, {\"f1_score\": \"0.4\", \"precision\": \"0.333\", \"recall\": \"0.5\", \"accuracy\": \"0.667\", \"training_loss\": \"-0.504\"}, {\"f1_score\": \"0.4\", \"precision\": \"0.333\", \"recall\": \"0.5\", \"accuracy\": \"0.667\", \"training_loss\": \"-0.507\"}, {\"f1_score\": \"0.4\", \"precision\": \"0.333\", \"recall\": \"0.5\", \"accuracy\": \"0.667\", \"training_loss\": \"-0.497\"}, {\"f1_score\": \"0.4\", \"precision\": \"0.333\", \"recall\": \"0.5\", \"accuracy\": \"0.667\", \"training_loss\": \"-0.505\"}]", "accuracy": 0.6666666666666666, "training_loss": -0.5051540732383728, "precision": 0.3333333333333333, "recall": 0.5, "f1_score": 0.4, "model": "/var/texta-rest/data/models/torchtagger/torchtagger_7_c243e96188f6ec3d3c83", "text_field": "/var/texta-rest/data/models/torchtagger/torchtagger_7_c243e96188f6ec3d3c83_text_field", "plot": "data/media/7357c1b74f9557a989f48f73301416.png", "indices": [36, 42]}, "embedding": {"fields": {"description": "testt", "query": "{\"query\": {\"match_all\": {}}}", "fields": "[\"comment_content\"]", "num_dimensions": 50, "max_documents": 0, "min_freq": 5, "vocab_size": 632, "embedding_model": "/var/texta-rest/data/models/embedding/embedding_24_ecc4f189269df1e152c0", "phraser_model": "/var/texta-rest/data/models/embedding/phraser_24_86da3f583bdc04791da1", "indices": []}, "embedding_extras": []}}