{"torchtagger": {"description": "test", "fields": "[\"comment_content\"]", "query": "{\"query\": {\"match_all\": {}}}", "fact_name": null, "minimum_sample_size": 50, "model_architecture": "fastText", "num_epochs": 5, "validation_ratio": 0.8, "negative_multiplier": 1.0, "maximum_sample_size": 10000, "label_index": "{\"0\": \"true\", \"1\": \"false\"}", "epoch_reports": "[{\"f1_score\": 1.0, \"precision\": 1.0, \"recall\": 1.0, \"confusion_matrix\": [[172]], \"area_under_curve\": 0.0, \"true_positive_rate\": [], \"false_positive_rate\": [], \"classes\": [\"true\"], \"accuracy\": 1.0, \"training_loss\": 0.52819, \"val_loss\": 1.22856}, {\"f1_score\": 1.0, \"precision\": 1.0, \"recall\": 1.0, \"confusion_matrix\": [[172]], \"area_under_curve\": 0.0, \"true_positive_rate\": [], \"false_positive_rate\": [], \"classes\": [\"true\"], \"accuracy\": 1.0, \"training_loss\": 0.10117, \"val_loss\": 2.41943}, {\"f1_score\": 1.0, \"precision\": 1.0, \"recall\": 1.0, \"confusion_matrix\": [[172]], \"area_under_curve\": 0.0, \"true_positive_rate\": [], \"false_positive_rate\": [], \"classes\": [\"true\"], \"accuracy\": 1.0, \"training_loss\": 0.06499, \"val_loss\": 2.82779}, {\"f1_score\": 1.0, \"precision\": 1.0, \"recall\": 1.0, \"confusion_matrix\": [[172]], \"area_under_curve\": 0.0, \"true_positive_rate\": [], \"false_positive_rate\": [], \"classes\": [\"true\"], \"accuracy\": 1.0, \"training_loss\": 0.04579, \"val_loss\": 3.13186}, {\"f1_score\": 1.0, \"precision\": 1.0, \"recall\": 1.0, \"confusion_matrix\": [[172]], \"area_under_curve\": 0.0, \"true_positive_rate\": [], \"false_positive_rate\": [], \"classes\": [\"true\"], \"accuracy\": 1.0, \"training_loss\": 0.03946, \"val_loss\": 3.27549}]", "accuracy": 1.0, "training_loss": 0.039458196610212326, "precision": 1.0, "recall": 1.0, "f1_score": 1.0, "model": "data/models/torchtagger/torchtagger_4_5437df1b6629b7b08031", "plot": "data/media/1d813350d690dbbf61b0d8f3a9fd2e.png", "indices": [1]}, "embedding": {"fields": {"description": "test", "query": "{\"query\": {\"match_all\": {}}}", "fields": "[\"comment_content\"]", "num_dimensions": 100, "max_documents": 0, "min_freq": 3, "vocab_size": 585, "use_phraser": true, "embedding_model": "data/models/embedding/embedding_4_50d7d69eac434d414b47", "indices": [1]}, "embedding_extras": []}}